{"train/reinfroce_loss":0,"_wandb":{"runtime":34},"train/step":0,"train/gate_loss":0.3876792788505554,"_runtime":34.011965024,"train/loss":0.9163074493408203,"_step":0,"_timestamp":1.728865218975168e+09,"train/epoch":1,"train/thought_loss":0}