{"_runtime":363.380383459,"_step":17,"_wandb":{"runtime":371},"train/epoch":1,"train/step":17,"train/loss":1.5693050622940063,"train/gate_loss":10.58371353149414,"_timestamp":1.7286920349183648e+09}