{"train_step_loss": [1.2855099439620972, 2.6654677391052246, 1.656385898590088, 1.4998677968978882, 1.4963852167129517, 1.4853469133377075, 1.179947853088379, 1.2625188827514648, 1.1116933822631836, 1.437180757522583, 1.077338457107544, 1.3666460514068604, 1.386576533317566, 1.39608895778656, 1.04526948928833, 1.044301152229309, 1.248472809791565, 1.1290498971939087, 0.94326251745224, 1.1439532041549683, 1.4107657670974731, 1.1370292901992798, 1.660362720489502, 1.3325560092926025, 1.532874584197998, 1.080737590789795, 1.1260395050048828, 1.1752601861953735, 1.2131030559539795], "train_epoch_loss": [], "train_step_perplexity": [3.616511583328247, 14.374671936035156, 5.240337371826172, 4.481096267700195, 4.465517520904541, 4.416497230529785, 3.254204511642456, 3.5343127250671387, 3.039501190185547, 4.208813190460205, 2.93685245513916, 3.9221737384796143, 4.001128673553467, 4.039371013641357, 2.8441648483276367, 2.84141206741333, 3.4850165843963623, 3.092716693878174, 2.5683469772338867, 3.139153480529785, 4.099092960357666, 3.1174933910369873, 5.261219024658203, 3.790719985961914, 4.631471157073975, 2.946852207183838, 3.0834202766418457, 3.238985538482666, 3.3639068603515625], "train_epoch_perplexity": [], "val_step_loss": [], "val_epoch_loss": [], "val_step_perplexity": [], "val_epoch_perplexity": []}