{"train_step_loss": [0.9359985589981079, 3.8884835243225098, 1.8202741146087646, 1.5195958614349365, 1.4526166915893555, 1.1623231172561646], "train_epoch_loss": [], "train_step_perplexity": [2.549758195877075, 48.836769104003906, 6.173550605773926, 4.570377349853516, 4.274284362792969, 3.197352409362793], "train_epoch_perplexity": [], "val_step_loss": [], "val_epoch_loss": [], "val_step_perplexity": [], "val_epoch_perplexity": []}