{"train_step_loss": [1.2843000888824463, 3.188593626022339, 1.617422342300415, 1.630638599395752, 1.3324239253997803, 1.2454910278320312, 1.1880912780761719, 1.3484843969345093, 1.3993901014328003, 1.206688404083252, 1.1673598289489746, 1.2197694778442383, 1.2211143970489502, 1.3874174356460571, 1.4835772514343262, 1.3500009775161743, 1.3537533283233643, 1.1676170825958252, 1.2483891248703003, 1.1415424346923828], "train_epoch_loss": [], "train_step_perplexity": [3.6121387481689453, 24.25429344177246, 5.040081977844238, 5.10713529586792, 3.79021954536438, 3.474640369415283, 3.280813217163086, 3.85158371925354, 4.052727222442627, 3.342397689819336, 3.2134971618652344, 3.3864071369171143, 3.3909645080566406, 4.004494667053223, 4.408688545227051, 3.8574295043945312, 3.8719305992126465, 3.2143242359161377, 3.484724998474121, 3.1315948963165283], "train_epoch_perplexity": [], "val_step_loss": [], "val_epoch_loss": [], "val_step_perplexity": [], "val_epoch_perplexity": []}