{"train_step_loss": [1.052406668663025, 3.3787314891815186, 1.347802996635437, 1.2213140726089478, 1.3781324625015259, 1.4688105583190918, 1.1827424764633179, 1.1795800924301147, 1.1487150192260742, 1.1700636148452759, 1.2504643201828003, 1.3493235111236572, 1.0907046794891357, 1.037632942199707, 1.2715260982513428, 1.1495198011398315, 1.1775931119918823, 1.1071770191192627, 1.1899365186691284, 1.2041316032409668], "train_epoch_loss": [], "train_step_perplexity": [2.864537000656128, 29.333538055419922, 3.8489599227905273, 3.391641855239868, 3.967485189437866, 4.344065189361572, 3.2633113861083984, 3.2530078887939453, 3.154137372970581, 3.2221975326538086, 3.491964101791382, 3.8548169136047363, 2.9763705730438232, 2.8225278854370117, 3.566291093826294, 3.156676769256592, 3.2465507984161377, 3.0258045196533203, 3.286872625350952, 3.333862781524658], "train_epoch_perplexity": [], "val_step_loss": [], "val_epoch_loss": [], "val_step_perplexity": [], "val_epoch_perplexity": []}