{"train_step_loss": [1.5627386569976807, 1.8516963720321655, 1.6423903703689575, 1.1900148391723633, 1.3478659391403198], "train_epoch_loss": [], "train_step_perplexity": [4.771871566772461, 6.370617389678955, 5.167507171630859, 3.287130117416382, 3.8492023944854736], "train_epoch_perplexity": [], "val_step_loss": [], "val_epoch_loss": [], "val_step_perplexity": [], "val_epoch_perplexity": []}