{"train_step_loss": [0.9236873388290405, 2.7545838356018066], "train_epoch_loss": [], "train_step_perplexity": [2.5185601711273193, 15.714499473571777], "train_epoch_perplexity": [], "val_step_loss": [], "val_epoch_loss": [], "val_step_perplexity": [], "val_epoch_perplexity": []}