{"train/thought_loss":0,"train/step":29,"_timestamp":1.7287849463854113e+09,"train/reinfroce_loss":0,"_runtime":605.872474255,"_wandb":{"runtime":606},"train/loss":0.911702036857605,"_step":29,"train/epoch":1,"train/gate_loss":0.026598289608955383}