{"train/loss":1.0272985696792603,"train/gate_loss":0.19263240694999695,"train/thought_loss":0,"train/epoch":1,"_wandb":{"runtime":379},"_runtime":360.302035308,"_step":13,"train/reinfroce_loss":0,"train/step":13,"_timestamp":1.7288657572021022e+09}