{"train/reinfroce_loss":0,"_step":50,"train/step":50,"_runtime":743.046882675,"_wandb":{"runtime":743},"train/epoch":1,"train/loss":1.3384206295013428,"_timestamp":1.7288768697824287e+09,"train/thought_loss":0,"train/gate_loss":0}