{"train/reinfroce_loss":0,"_timestamp":1.728870409600525e+09,"_wandb":{"runtime":86},"train/loss":1.587981104850769,"train/thought_loss":0,"train/step":0,"_step":0,"_runtime":64.505197659,"train/epoch":1,"train/gate_loss":1.0401413440704346}