{"train/thought_loss":0,"_wandb":{"runtime":119},"train/reinfroce_loss":0,"train/step":4,"train/loss":1.707463026046753,"_runtime":102.49350681,"_timestamp":1.728851249167417e+09,"train/gate_loss":0.31339314579963684,"_step":4,"train/epoch":1}