{"train/reinfroce_loss":0,"_step":48,"train/thought_loss":0,"_runtime":990.012272787,"train/loss":0.8705302476882935,"train/epoch":1,"train/gate_loss":0.0024697978515177965,"train/step":48,"_timestamp":1.728783291172968e+09,"_wandb":{"runtime":1003}}