{"train/loss":1.625133991241455,"train/gate_loss":0,"_wandb":{"runtime":1848},"train/reinfroce_loss":0,"_step":126,"train/step":126,"train/thought_loss":0,"_runtime":1824.336677066,"_timestamp":1.7288787220404913e+09,"train/epoch":1}