{"train/epoch":1,"_wandb":{"runtime":534},"train/step":24,"train/loss":1.3059519529342651,"train/gate_loss":1.8834789991378784,"_timestamp":1.728693140473904e+09,"_runtime":525.348017605,"_step":24}