{"train/reinfroce_loss":0,"train/step":29,"_step":29,"train/loss":1.4257347583770752,"train/thought_loss":0,"_timestamp":1.728787059890428e+09,"train/gate_loss":0.1660628616809845,"train/epoch":1,"_wandb":{"runtime":606},"_runtime":605.371544601}