{"train/gate_loss":1.0638563632965088,"_timestamp":1.7286893094840813e+09,"_wandb":{"runtime":589},"_runtime":586.10449413,"_step":29,"train/epoch":1,"train/step":29,"train/loss":1.118212342262268}