{"train/step":0,"train/thought_loss":0,"train/gate_loss":0.5727546811103821,"_runtime":81.218304227,"_wandb":{"runtime":106},"train/epoch":1,"_timestamp":1.7288672556291604e+09,"train/loss":1.3150620460510254,"_step":0,"train/reinfroce_loss":0}