{"_wandb":{"runtime":47},"train/reinfroce_loss":0,"_step":0,"train/loss":1.7836785316467285,"train/step":0,"train/thought_loss":0,"_timestamp":1.7288709600132465e+09,"_runtime":27.794948977,"train/gate_loss":0.29000329971313477,"train/epoch":1}