{"_runtime":292.408137204,"train/step":7,"train/thought_loss":22.93502426147461,"train/loss":1.6149524450302124,"_wandb":{"runtime":317},"train/reinfroce_loss":7.226599216461182,"_timestamp":1.7289424931895273e+09,"train/epoch":1,"train/gate_loss":8.38806438446045,"_step":7}