{"_step":0,"_wandb":{"runtime":27},"train/epoch":1,"train/step":0,"train/loss":1.1726900339126587,"train/gate_loss":3.5761256217956543,"_timestamp":1.7286885381745436e+09,"_runtime":27.333441446}