{"_wandb":{"runtime":403},"train/loss":1.981286883354187,"train/gate_loss":0,"train/step":31,"_runtime":386.053046725,"train/epoch":1,"train/reinfroce_loss":0,"train/thought_loss":0,"_timestamp":1.728874211672003e+09,"_step":31}