{"train/gate_loss":0.09833674132823944,"train/epoch":1,"_runtime":52.553113568,"_wandb":{"runtime":76},"train/reinfroce_loss":0,"train/step":0,"train/loss":0.9804975390434265,"train/thought_loss":0,"_step":0,"_timestamp":1.7288708688684528e+09}