{"_runtime":289.432453106,"train/reinfroce_loss":0,"train/epoch":1,"train/gate_loss":0.1777336597442627,"_timestamp":1.728872148533012e+09,"train/thought_loss":0,"train/loss":1.8040376901626587,"_wandb":{"runtime":289},"_step":50,"train/step":50}