{"_wandb":{"runtime":582},"_runtime":556.401259134,"train/thought_loss":0,"train/step":14,"train/loss":1.2169535160064697,"train/reinfroce_loss":0,"train/gate_loss":0,"train/epoch":1,"_timestamp":1.7288731919841056e+09,"_step":14}