{"train/gate_loss":0.3462527096271515,"_step":1,"train/step":1,"train/loss":1.939846158027649,"train/epoch":1,"_timestamp":1.7287874482397904e+09,"_runtime":51.506781517,"train/thought_loss":0,"train/reinfroce_loss":0,"_wandb":{"runtime":60}}